{
  "accuracy": 0.7149999737739563,
  "loss": 0.5901182293891907,
  "top3": 1.0
}