{
  "accuracy": 0.9739999771118164,
  "loss": 0.10427985340356827,
  "top3": 0.9980000257492065
}